1 ,252 ,177 ,215 ,239 ,235 ,270 ,193 ,251 ,167 ,213 ,236 ,231 ,276 ,183 
2 ,88 ,104 ,88 ,73 ,119 ,136 ,76 ,87 ,104 ,86 ,70 ,122 ,140 ,75 
3 ,66 ,57 ,72 ,94 ,115 ,120 ,50 ,63 ,50 ,71 ,93 ,115 ,128 ,42 
4 ,89 ,105 ,12 ,77 ,234 ,251 ,97 ,88 ,102 ,0 ,61 ,263 ,287 ,102 
5 ,244 ,116 ,228 ,216 ,189 ,303 ,362 ,256 ,106 ,246 ,229 ,187 ,335 ,385 
6 ,110 ,106 ,104 ,139 ,110 ,121 ,103 ,119 ,112 ,110 ,153 ,115 ,130 ,111 
7 ,107 ,91 ,108 ,120 ,154 ,190 ,106 ,99 ,85 ,102 ,115 ,151 ,189 ,98 
8 ,58 ,68 ,83 ,37 ,67 ,98 ,49 ,55 ,74 ,92 ,32 ,60 ,107 ,44 
9 ,188 ,187 ,217 ,196 ,234 ,288 ,229 ,181 ,179 ,216 ,187 ,228 ,291 ,225 
10 ,91 ,143 ,96 ,93 ,103 ,121 ,104 ,93 ,155 ,102 ,95 ,109 ,131 ,113 
11 ,99 ,93 ,87 ,83 ,65 ,70 ,98 ,103 ,95 ,89 ,83 ,66 ,74 ,102 
12 ,35 ,45 ,40 ,44 ,62 ,71 ,43 ,27 ,37 ,31 ,27 ,55 ,68 ,36 
13 ,262 ,245 ,244 ,246 ,219 ,266 ,261 ,272 ,248 ,248 ,247 ,218 ,278 ,269 
14 ,56 ,56 ,53 ,37 ,67 ,45 ,60 ,56 ,57 ,54 ,32 ,67 ,43 ,59 
15 ,115 ,113 ,108 ,142 ,193 ,229 ,128 ,112 ,107 ,91 ,138 ,197 ,249 ,128 
16 ,46 ,38 ,41 ,53 ,46 ,42 ,30 ,44 ,34 ,39 ,48 ,43 ,40 ,28 
17 ,80 ,76 ,78 ,88 ,129 ,109 ,82 ,78 ,74 ,75 ,85 ,132 ,109 ,82 
18 ,78 ,31 ,95 ,59 ,166 ,126 ,97 ,80 ,18 ,98 ,44 ,194 ,137 ,107 
19 ,153 ,126 ,155 ,135 ,167 ,254 ,159 ,155 ,123 ,156 ,133 ,163 ,268 ,163 
20 ,172 ,144 ,158 ,151 ,147 ,142 ,164 ,180 ,145 ,162 ,156 ,150 ,147 ,167 
21 ,63 ,68 ,66 ,81 ,126 ,125 ,77 ,60 ,66 ,64 ,78 ,130 ,131 ,76 
22 ,102 ,120 ,110 ,139 ,138 ,133 ,109 ,107 ,127 ,117 ,150 ,149 ,145 ,116 
23 ,0 ,0 ,0 ,0 ,0 ,0 ,2 ,0 ,0 ,0 ,0 ,0 ,0 ,0 
24 ,69 ,67 ,49 ,99 ,156 ,161 ,51 ,71 ,66 ,44 ,104 ,169 ,173 ,51 
25 ,110 ,108 ,108 ,139 ,147 ,128 ,114 ,108 ,107 ,107 ,141 ,151 ,129 ,115 
26 ,57 ,72 ,70 ,67 ,139 ,146 ,61 ,53 ,73 ,67 ,66 ,144 ,151 ,59 
27 ,75 ,82 ,88 ,84 ,90 ,87 ,89 ,74 ,81 ,90 ,84 ,93 ,89 ,91 
28 ,58 ,50 ,54 ,79 ,85 ,93 ,57 ,53 ,47 ,52 ,77 ,83 ,94 ,56 
29 ,74 ,83 ,87 ,121 ,196 ,199 ,98 ,66 ,80 ,82 ,120 ,205 ,212 ,99 
30 ,18 ,33 ,32 ,43 ,46 ,59 ,47 ,11 ,27 ,28 ,41 ,45 ,60 ,50 
31 ,289 ,363 ,130 ,221 ,645 ,625 ,306 ,280 ,370 ,65 ,169 ,703 ,705 ,299 
32 ,393 ,431 ,400 ,410 ,177 ,112 ,448 ,402 ,439 ,409 ,424 ,172 ,97 ,463 
33 ,57 ,54 ,43 ,35 ,123 ,91 ,30 ,53 ,44 ,31 ,13 ,128 ,91 ,10 
34 ,352 ,346 ,323 ,445 ,560 ,484 ,361 ,349 ,339 ,317 ,444 ,578 ,505 ,359 
35 ,121 ,117 ,289 ,112 ,177 ,191 ,82 ,115 ,108 ,316 ,104 ,169 ,186 ,66 
36 ,62 ,76 ,72 ,59 ,58 ,81 ,58 ,62 ,77 ,73 ,56 ,52 ,82 ,56 
37 ,212 ,198 ,198 ,205 ,252 ,354 ,184 ,217 ,198 ,197 ,199 ,257 ,378 ,183 
38 ,105 ,105 ,106 ,87 ,69 ,65 ,106 ,107 ,114 ,111 ,88 ,70 ,66 ,110 
39 ,255 ,178 ,202 ,218 ,234 ,359 ,254 ,257 ,161 ,193 ,203 ,214 ,366 ,252 
40 ,100 ,61 ,80 ,71 ,86 ,120 ,67 ,103 ,55 ,82 ,66 ,82 ,124 ,65 
41 ,162 ,121 ,125 ,167 ,276 ,379 ,123 ,156 ,105 ,110 ,150 ,269 ,401 ,111 
42 ,73 ,81 ,55 ,90 ,87 ,75 ,63 ,66 ,79 ,46 ,89 ,82 ,69 ,54 
43 ,65 ,61 ,59 ,96 ,69 ,104 ,55 ,63 ,52 ,52 ,91 ,62 ,105 ,51 
44 ,57 ,44 ,47 ,56 ,80 ,75 ,64 ,56 ,42 ,44 ,56 ,83 ,77 ,65 
45 ,16 ,22 ,20 ,13 ,45 ,51 ,20 ,5 ,15 ,12 ,0 ,43 ,56 ,16 
46 ,178 ,149 ,146 ,146 ,163 ,179 ,191 ,175 ,141 ,141 ,142 ,162 ,179 ,191 
47 ,186 ,198 ,166 ,195 ,80 ,76 ,147 ,201 ,219 ,179 ,217 ,73 ,64 ,148 
48 ,295 ,337 ,252 ,355 ,554 ,638 ,293 ,235 ,299 ,177 ,318 ,564 ,687 ,246 
49 ,385 ,338 ,338 ,351 ,508 ,612 ,466 ,380 ,312 ,322 ,333 ,494 ,620 ,480 
50 ,65 ,62 ,69 ,67 ,68 ,94 ,95 ,68 ,62 ,72 ,69 ,70 ,104 ,109 
51 ,76 ,56 ,62 ,74 ,49 ,45 ,69 ,79 ,58 ,68 ,80 ,51 ,46 ,72 
52 ,35 ,53 ,41 ,71 ,138 ,111 ,41 ,26 ,50 ,34 ,66 ,141 ,109 ,36 
53 ,120 ,114 ,128 ,147 ,129 ,113 ,114 ,120 ,114 ,129 ,149 ,130 ,109 ,112 
54 ,325 ,322 ,291 ,323 ,329 ,309 ,336 ,327 ,325 ,281 ,324 ,327 ,307 ,339 
55 ,342 ,318 ,355 ,401 ,367 ,385 ,332 ,353 ,319 ,364 ,410 ,379 ,410 ,340 
56 ,55 ,69 ,62 ,64 ,91 ,74 ,57 ,52 ,68 ,61 ,64 ,93 ,74 ,56 
57 ,268 ,332 ,281 ,330 ,251 ,264 ,263 ,263 ,335 ,272 ,327 ,229 ,254 ,251 
58 ,1464 ,1404 ,1584 ,1437 ,1751 ,1957 ,1606 ,1426 ,1359 ,1559 ,1355 ,1724 ,1980 ,1577 
59 ,144 ,134 ,144 ,245 ,124 ,149 ,174 ,133 ,110 ,121 ,231 ,86 ,132 ,170 
60 ,157 ,167 ,156 ,186 ,178 ,164 ,159 ,161 ,173 ,160 ,192 ,186 ,170 ,163 
61 ,75 ,91 ,93 ,99 ,111 ,127 ,79 ,76 ,94 ,98 ,103 ,116 ,140 ,80 
62 ,77 ,79 ,57 ,69 ,79 ,103 ,71 ,70 ,73 ,50 ,63 ,73 ,100 ,63 
63 ,221 ,169 ,164 ,188 ,184 ,276 ,186 ,216 ,156 ,153 ,183 ,172 ,283 ,180 
64 ,164 ,176 ,148 ,130 ,124 ,121 ,182 ,176 ,192 ,160 ,135 ,129 ,126 ,198 
65 ,277 ,296 ,290 ,319 ,445 ,574 ,309 ,254 ,283 ,270 ,295 ,427 ,571 ,296 
66 ,63 ,59 ,65 ,99 ,75 ,92 ,58 ,63 ,58 ,66 ,100 ,74 ,96 ,57 
67 ,55 ,48 ,26 ,50 ,70 ,66 ,39 ,55 ,43 ,16 ,41 ,63 ,60 ,33 
68 ,43 ,57 ,57 ,60 ,69 ,63 ,63 ,39 ,59 ,57 ,63 ,71 ,64 ,64 
69 ,86 ,82 ,96 ,119 ,136 ,132 ,81 ,81 ,76 ,94 ,119 ,135 ,133 ,75 
70 ,49 ,48 ,47 ,62 ,92 ,84 ,41 ,49 ,45 ,47 ,62 ,104 ,88 ,38 
71 ,149 ,159 ,140 ,171 ,169 ,156 ,169 ,152 ,164 ,141 ,170 ,176 ,161 ,173 
72 ,388 ,480 ,519 ,536 ,538 ,558 ,550 ,375 ,485 ,525 ,547 ,528 ,564 ,566 
73 ,123 ,77 ,89 ,110 ,90 ,124 ,86 ,136 ,73 ,80 ,115 ,83 ,133 ,84 
74 ,106 ,106 ,105 ,118 ,121 ,144 ,112 ,106 ,106 ,105 ,115 ,121 ,149 ,113 
75 ,118 ,117 ,86 ,105 ,86 ,117 ,86 ,133 ,135 ,93 ,117 ,95 ,134 ,92 
76 ,30 ,36 ,24 ,24 ,102 ,47 ,48 ,27 ,33 ,21 ,19 ,112 ,46 ,47 
77 ,113 ,119 ,118 ,132 ,83 ,131 ,129 ,118 ,116 ,118 ,126 ,70 ,132 ,131 
78 ,52 ,49 ,53 ,44 ,41 ,54 ,55 ,50 ,49 ,51 ,41 ,39 ,55 ,55 
79 ,158 ,149 ,141 ,142 ,55 ,76 ,160 ,163 ,155 ,146 ,149 ,55 ,77 ,168 
80 ,52 ,70 ,76 ,61 ,58 ,88 ,71 ,50 ,71 ,79 ,60 ,54 ,90 ,73 
81 ,147 ,96 ,107 ,67 ,102 ,140 ,137 ,157 ,99 ,110 ,61 ,101 ,146 ,141 
82 ,116 ,109 ,116 ,119 ,101 ,98 ,122 ,119 ,113 ,120 ,121 ,103 ,100 ,126 
83 ,119 ,114 ,116 ,138 ,171 ,186 ,102 ,118 ,112 ,115 ,137 ,174 ,192 ,98 
84 ,178 ,164 ,175 ,195 ,258 ,299 ,148 ,180 ,154 ,169 ,187 ,266 ,313 ,144 
85 ,62 ,51 ,45 ,72 ,101 ,97 ,59 ,57 ,44 ,39 ,68 ,99 ,95 ,55 
86 ,127 ,115 ,121 ,125 ,168 ,167 ,126 ,126 ,115 ,123 ,122 ,171 ,171 ,127 
87 ,125 ,135 ,110 ,99 ,19 ,33 ,127 ,126 ,144 ,111 ,98 ,11 ,28 ,128 
88 ,428 ,492 ,417 ,548 ,619 ,653 ,427 ,445 ,517 ,427 ,567 ,647 ,683 ,443 
89 ,32 ,38 ,41 ,52 ,102 ,66 ,40 ,30 ,37 ,39 ,51 ,108 ,70 ,40 
90 ,228 ,183 ,192 ,238 ,336 ,406 ,206 ,233 ,181 ,190 ,237 ,347 ,426 ,207 
91 ,79 ,89 ,72 ,80 ,108 ,111 ,79 ,73 ,83 ,68 ,74 ,105 ,106 ,76 
92 ,109 ,100 ,97 ,151 ,210 ,182 ,116 ,105 ,92 ,90 ,152 ,217 ,186 ,115 
93 ,181 ,168 ,231 ,150 ,154 ,84 ,199 ,192 ,176 ,255 ,155 ,161 ,75 ,214 
94 ,78 ,102 ,104 ,62 ,97 ,67 ,86 ,70 ,99 ,99 ,51 ,96 ,58 ,78 
95 ,113 ,106 ,103 ,123 ,92 ,95 ,104 ,122 ,112 ,106 ,133 ,97 ,99 ,107 
96 ,84 ,121 ,107 ,143 ,137 ,163 ,123 ,69 ,128 ,100 ,152 ,139 ,170 ,127 
97 ,207 ,122 ,166 ,207 ,213 ,245 ,254 ,222 ,106 ,167 ,221 ,235 ,271 ,280 
98 ,84 ,74 ,92 ,79 ,106 ,91 ,83 ,87 ,75 ,94 ,78 ,109 ,94 ,84 
99 ,78 ,60 ,71 ,75 ,42 ,62 ,75 ,84 ,65 ,78 ,85 ,47 ,68 ,80 
100 ,361 ,348 ,362 ,386 ,382 ,287 ,356 ,348 ,338 ,357 ,382 ,384 ,287 ,345 
101 ,127 ,131 ,115 ,132 ,164 ,195 ,146 ,131 ,137 ,117 ,132 ,171 ,205 ,153 
102 ,117 ,117 ,120 ,118 ,112 ,147 ,130 ,108 ,113 ,112 ,118 ,107 ,151 ,129 
103 ,60 ,69 ,58 ,63 ,67 ,53 ,49 ,53 ,64 ,51 ,58 ,61 ,47 ,42 
104 ,107 ,98 ,102 ,120 ,105 ,79 ,85 ,108 ,97 ,102 ,122 ,105 ,78 ,84 
105 ,69 ,56 ,62 ,94 ,147 ,160 ,64 ,63 ,47 ,55 ,89 ,144 ,161 ,59 
106 ,66 ,48 ,63 ,58 ,74 ,56 ,57 ,65 ,44 ,63 ,56 ,75 ,55 ,55 
107 ,62 ,67 ,53 ,95 ,191 ,203 ,73 ,58 ,64 ,46 ,91 ,198 ,214 ,71 
108 ,83 ,64 ,79 ,93 ,124 ,135 ,84 ,81 ,59 ,76 ,88 ,124 ,137 ,82 
109 ,107 ,121 ,117 ,107 ,94 ,104 ,104 ,109 ,126 ,118 ,105 ,89 ,105 ,103 
110 ,158 ,151 ,125 ,133 ,138 ,127 ,124 ,160 ,148 ,118 ,128 ,135 ,127 ,117 
111 ,57 ,55 ,70 ,69 ,100 ,74 ,65 ,56 ,54 ,70 ,68 ,105 ,74 ,65 
112 ,104 ,95 ,130 ,129 ,152 ,147 ,110 ,100 ,89 ,130 ,127 ,152 ,145 ,107 
113 ,181 ,219 ,170 ,194 ,101 ,148 ,163 ,198 ,255 ,189 ,218 ,104 ,163 ,178 
114 ,579 ,566 ,576 ,647 ,448 ,571 ,584 ,575 ,560 ,574 ,640 ,444 ,591 ,585 
115 ,452 ,515 ,355 ,355 ,269 ,334 ,410 ,451 ,566 ,317 ,317 ,213 ,301 ,395 
116 ,548 ,579 ,617 ,477 ,388 ,448 ,587 ,607 ,652 ,695 ,543 ,391 ,460 ,634 
117 ,131 ,125 ,120 ,159 ,251 ,259 ,109 ,126 ,119 ,113 ,156 ,257 ,268 ,101 
118 ,68 ,69 ,75 ,59 ,13 ,6 ,78 ,63 ,65 ,75 ,54 ,2 ,0 ,74 
119 ,33 ,34 ,24 ,58 ,104 ,90 ,32 ,27 ,28 ,16 ,57 ,110 ,95 ,27 
120 ,252 ,234 ,240 ,213 ,274 ,459 ,253 ,255 ,225 ,231 ,190 ,256 ,504 ,245 
121 ,48 ,46 ,50 ,59 ,58 ,61 ,34 ,47 ,45 ,49 ,60 ,58 ,61 ,33 
122 ,59 ,43 ,66 ,66 ,68 ,80 ,54 ,63 ,41 ,69 ,67 ,68 ,83 ,54 
123 ,88 ,99 ,64 ,85 ,125 ,104 ,92 ,84 ,96 ,55 ,74 ,124 ,100 ,87 
124 ,334 ,350 ,363 ,326 ,374 ,502 ,388 ,323 ,342 ,355 ,306 ,362 ,511 ,382 
125 ,6 ,23 ,24 ,35 ,49 ,28 ,19 ,0 ,11 ,13 ,27 ,40 ,18 ,8 
126 ,129 ,117 ,119 ,115 ,117 ,97 ,136 ,141 ,125 ,125 ,122 ,125 ,102 ,148 
127 ,85 ,53 ,48 ,58 ,109 ,90 ,38 ,85 ,48 ,42 ,54 ,112 ,90 ,34 
128 ,35 ,59 ,43 ,64 ,90 ,83 ,42 ,33 ,60 ,40 ,65 ,93 ,86 ,42 
129 ,168 ,148 ,182 ,184 ,283 ,292 ,154 ,161 ,137 ,176 ,175 ,288 ,298 ,145 
130 ,295 ,293 ,230 ,264 ,333 ,346 ,293 ,291 ,288 ,215 ,256 ,323 ,339 ,288 
131 ,43 ,53 ,39 ,61 ,63 ,51 ,74 ,38 ,51 ,32 ,59 ,62 ,47 ,74 
132 ,41 ,36 ,41 ,71 ,112 ,84 ,34 ,34 ,29 ,33 ,67 ,122 ,86 ,30 
133 ,102 ,96 ,103 ,111 ,86 ,77 ,117 ,104 ,98 ,106 ,115 ,90 ,81 ,121 
134 ,462 ,499 ,457 ,424 ,385 ,429 ,514 ,499 ,546 ,500 ,451 ,410 ,468 ,552 
135 ,163 ,133 ,147 ,148 ,160 ,190 ,180 ,163 ,127 ,147 ,139 ,159 ,195 ,185 
136 ,107 ,101 ,97 ,119 ,92 ,89 ,114 ,109 ,103 ,99 ,124 ,96 ,91 ,118 
137 ,85 ,83 ,89 ,102 ,80 ,75 ,80 ,86 ,83 ,92 ,106 ,82 ,77 ,81 
138 ,290 ,271 ,266 ,275 ,219 ,239 ,274 ,301 ,275 ,274 ,286 ,222 ,247 ,282 
139 ,50 ,49 ,60 ,86 ,141 ,109 ,50 ,45 ,46 ,56 ,84 ,145 ,110 ,47 
140 ,364 ,393 ,317 ,380 ,173 ,178 ,326 ,384 ,415 ,328 ,412 ,171 ,167 ,332 
141 ,45 ,35 ,19 ,26 ,67 ,73 ,38 ,45 ,31 ,12 ,20 ,67 ,76 ,36 
142 ,415 ,462 ,474 ,459 ,132 ,114 ,467 ,414 ,488 ,510 ,479 ,96 ,62 ,487 
143 ,130 ,132 ,140 ,140 ,112 ,102 ,128 ,135 ,138 ,148 ,146 ,114 ,103 ,135 
144 ,82 ,88 ,67 ,69 ,149 ,235 ,86 ,74 ,79 ,59 ,46 ,142 ,255 ,81 
145 ,57 ,66 ,49 ,61 ,70 ,73 ,65 ,54 ,63 ,46 ,59 ,66 ,71 ,63 
146 ,441 ,442 ,420 ,517 ,663 ,712 ,455 ,432 ,417 ,398 ,506 ,666 ,722 ,449 
147 ,137 ,127 ,120 ,130 ,99 ,113 ,128 ,141 ,128 ,121 ,132 ,96 ,113 ,127 
148 ,83 ,76 ,52 ,97 ,91 ,84 ,81 ,93 ,85 ,49 ,107 ,97 ,92 ,86 
149 ,123 ,172 ,144 ,142 ,383 ,264 ,168 ,112 ,176 ,138 ,119 ,435 ,286 ,172 
150 ,41 ,81 ,48 ,32 ,148 ,121 ,54 ,37 ,88 ,40 ,15 ,173 ,139 ,56 
151 ,126 ,91 ,91 ,108 ,63 ,53 ,83 ,136 ,92 ,92 ,112 ,63 ,50 ,85 
152 ,48 ,50 ,48 ,65 ,74 ,65 ,63 ,50 ,50 ,49 ,65 ,77 ,70 ,66 
153 ,42 ,51 ,45 ,66 ,95 ,68 ,52 ,35 ,44 ,33 ,61 ,94 ,64 ,47 
154 ,86 ,103 ,100 ,114 ,69 ,69 ,99 ,81 ,105 ,100 ,118 ,67 ,67 ,96 
155 ,77 ,101 ,75 ,94 ,149 ,147 ,74 ,60 ,93 ,57 ,76 ,150 ,148 ,59 
156 ,127 ,138 ,141 ,57 ,206 ,155 ,146 ,132 ,138 ,145 ,34 ,221 ,156 ,156 
157 ,73 ,82 ,72 ,92 ,134 ,123 ,86 ,69 ,80 ,67 ,89 ,136 ,124 ,86 
158 ,58 ,77 ,53 ,73 ,64 ,68 ,70 ,57 ,78 ,51 ,73 ,63 ,67 ,70 
159 ,37 ,53 ,48 ,52 ,74 ,80 ,57 ,28 ,49 ,45 ,46 ,71 ,78 ,53 
160 ,308 ,296 ,290 ,247 ,118 ,122 ,290 ,314 ,299 ,292 ,243 ,112 ,115 ,289 
161 ,120 ,111 ,113 ,160 ,113 ,132 ,142 ,126 ,115 ,119 ,173 ,118 ,139 ,156 
162 ,85 ,76 ,87 ,84 ,97 ,61 ,81 ,81 ,77 ,88 ,84 ,100 ,60 ,82 
163 ,78 ,65 ,74 ,76 ,104 ,129 ,71 ,75 ,59 ,69 ,72 ,102 ,131 ,67 
164 ,194 ,212 ,247 ,227 ,150 ,150 ,208 ,205 ,222 ,261 ,241 ,158 ,159 ,218 
165 ,87 ,68 ,48 ,123 ,133 ,169 ,77 ,77 ,53 ,31 ,130 ,126 ,178 ,61 
166 ,51 ,56 ,50 ,77 ,152 ,122 ,48 ,51 ,56 ,47 ,74 ,157 ,122 ,46 
167 ,157 ,202 ,184 ,156 ,149 ,164 ,165 ,160 ,209 ,191 ,165 ,155 ,169 ,174 
168 ,111 ,109 ,111 ,78 ,87 ,108 ,115 ,112 ,111 ,114 ,70 ,84 ,110 ,115 
169 ,91 ,96 ,99 ,126 ,199 ,196 ,94 ,92 ,97 ,99 ,126 ,208 ,206 ,95 
170 ,55 ,48 ,38 ,57 ,91 ,105 ,39 ,55 ,44 ,30 ,55 ,91 ,110 ,38 
171 ,232 ,242 ,227 ,263 ,210 ,226 ,219 ,227 ,239 ,224 ,259 ,209 ,229 ,215 
172 ,157 ,159 ,126 ,153 ,300 ,304 ,103 ,154 ,156 ,112 ,143 ,305 ,309 ,93 
173 ,166 ,173 ,127 ,157 ,178 ,215 ,176 ,163 ,170 ,117 ,154 ,172 ,216 ,174 
174 ,185 ,215 ,175 ,185 ,158 ,240 ,238 ,189 ,223 ,177 ,185 ,159 ,250 ,248 
175 ,91 ,81 ,78 ,121 ,204 ,179 ,75 ,90 ,79 ,71 ,123 ,213 ,186 ,74 
176 ,68 ,58 ,68 ,76 ,134 ,107 ,67 ,66 ,55 ,66 ,73 ,140 ,109 ,64 
177 ,109 ,109 ,100 ,131 ,137 ,167 ,101 ,108 ,108 ,97 ,132 ,134 ,170 ,101 
178 ,84 ,55 ,64 ,48 ,65 ,119 ,66 ,84 ,45 ,58 ,31 ,53 ,127 ,58 
179 ,61 ,65 ,54 ,70 ,83 ,78 ,56 ,58 ,64 ,51 ,69 ,83 ,78 ,54 
180 ,243 ,146 ,237 ,239 ,244 ,450 ,262 ,240 ,118 ,231 ,230 ,226 ,473 ,259 
181 ,56 ,63 ,68 ,64 ,92 ,84 ,